{"0": {"precision": 0.8793103448275862, "recall": 0.8225806451612904, "f1-score": 0.8500000000000001, "support": 186}, "1": {"precision": 0.8382352941176471, "recall": 0.890625, "f1-score": 0.8636363636363636, "support": 192}, "accuracy": 0.8571428571428571, "macro avg": {"precision": 0.8587728194726166, "recall": 0.8566028225806452, "f1-score": 0.8568181818181819, "support": 378}, "weighted avg": {"precision": 0.8584468270066646, "recall": 0.8571428571428571, "f1-score": 0.856926406926407, "support": 378}}